Title,Playlist ID
No title,PLOVZwvNm10lXJT7UMZWMMRwuHZxnb-8rR
No title,PLOVZwvNm10lUf84Y2S3LJT8ZUvFVDwR9W
No title,PLOVZwvNm10lVikFZPLeoNliL0VDk0NcPq
No title,PLOVZwvNm10lXabRk0jl0yx2l6bEjNyx-u
No title,PLOVZwvNm10lWn71XkFOV5rk1AgJ_m4115
No title,PLOVZwvNm10lVFqMtR-ZbeVw2Auj-fUxTc
No title,PLOVZwvNm10lVkcDqlkgtvR4B5-8rFoJn2
No title,PLOVZwvNm10lUpAE8dRyjWS1FOYceJuifn
No title,PLOVZwvNm10lXzkbfcujgeyEolgGS5oRaX
No title,PLOVZwvNm10lXdGxwZdE-PXYYQdQXVXWGq
No title,PLOVZwvNm10lVjf2K3Qsg_zYCI9CRoDPN5
No title,PLOVZwvNm10lUryYZN45r6MgMMvQNK8p_C
No title,PLOVZwvNm10lU-LiCfgOf4okn8CF93THuB
No title,PLOVZwvNm10lURo5w-FAj5kOzySS2oEv97
No title,PLOVZwvNm10lUU6kdCSCPSk7S6RNz867h6
No title,PLOVZwvNm10lWBGmxPXrFL9Pg7OFC93s2N
No title,PLOVZwvNm10lU_cQZ_5Jc59H6OifgXBrkp
No title,PLOVZwvNm10lUxws5YIBkI6VH5cFyrH27g
No title,PLOVZwvNm10lUtNNXKzDcSWrT6JZlYchBi
No title,PLOVZwvNm10lVTFnlUhFxfdI93_E3A6Ib7
No title,PLOVZwvNm10lUMpU4DO3hXErhwBFnCYXlp
No title,PLOVZwvNm10lWIhjlmDwPt27uoQqo3ONqo
No title,PLOVZwvNm10lV_pnhgSJfWUsRuzXjEiPeq
No title,PLOVZwvNm10lW5nOgTc2AdFfB3irR1bdTO
No title,PLOVZwvNm10lWlR3oDNEGgdIkDscCMu7RK
No title,PLOVZwvNm10lVXkllOvYXGketuRR7TCnwC
No title,PLOVZwvNm10lWVy6qxe4tTs229e3eScUPr
No title,PLOVZwvNm10lWOFxEmzLL5pp3cu16YYWCh
No title,PLOVZwvNm10lXxFcNh6V4mmcZheDZhPDLn
No title,PLOVZwvNm10lUYH-b3CDBc7qh1EYLV-hKw
No title,PLOVZwvNm10lV-7pQ_ONNXtqhJHGuEkIvB
No title,PLOVZwvNm10lWBAKuRMH1EeQ8cWiUfSWY7
No title,PLOVZwvNm10lXxrfolAk7KRlipZwujoK3w
No title,PLOVZwvNm10lX0ZKEtfvTopWbYOs0kYQwO
No title,PLOVZwvNm10lWaxEkOjs4EnYCUL1GVImaD
No title,PLOVZwvNm10lU0I_xm6WDe8clK-MsM72-r
No title,PLOVZwvNm10lXR0o0qusxM28mYd6VRw54S
No title,PLOVZwvNm10lUVyiSC7H_JrMBqJn1VBY4f
No title,PLOVZwvNm10lX4aosrrzArBUr-2IHWekTM
No title,PLOVZwvNm10lUH25pmWw3DYbzZn_LJD1AW
No title,PLOVZwvNm10lWM3bL6-3LwLejDZYIozrle
No title,PLOVZwvNm10lV6nkNrVrcMsfqUxAi3cInl
No title,PLOVZwvNm10lU4FaZ8jGVUsCUa9IVaJfsS
No title,PLOVZwvNm10lVSUBTzTislI_zuIV2uDdxS
No title,PLOVZwvNm10lX4asY2umceoH617uCpbAwI
No title,PLOVZwvNm10lXlKl2VHXGmpqqygCG6XbPw
No title,PLOVZwvNm10lVPeBMLqi9BHBoJfVzoM86L
No title,PLOVZwvNm10lUQkukui3b6caFRuT5AUVdH
No title,PLOVZwvNm10lUe0I7yF_ON-riDTov0i69T
No title,PLOVZwvNm10lWqc77TZfrE3aqp5zICLjXs
No title,PLOVZwvNm10lWJJ1K1-GmoPHBLIHI2RxbM
No title,PLOVZwvNm10lWycpMXoimFRGcL4Fu-Flzr
No title,PLOVZwvNm10lUcqlgWM8kKPS0s2f3jlIJi
No title,PLOVZwvNm10lWgJ41qYQphYW7N42R32kgz
No title,PLOVZwvNm10lWYhJSoa4UZ4bDLg_8ZEN8b
No title,PLOVZwvNm10lUlDBTQHSO8BGxgu-J6DYsB
No title,PLOVZwvNm10lUSCzf76w2gnr1Brk94PBvn
No title,PLOVZwvNm10lWYqRS03IrS0osYnNOXzoyU
No title,PLOVZwvNm10lU1kYsk4mfGYPA5MCxW4YVb
No title,PLOVZwvNm10lWg5Bfgp1A8sYYVVjtV0FuR
No title,PLOVZwvNm10lXmZxhYjrKmcX_CAWq2k1su
No title,PLOVZwvNm10lUTIFOSR9Oh7_3kOGs1kQtE
No title,PLOVZwvNm10lXJVB7dCYnf7D797qxjO1jS
No title,PLOVZwvNm10lXwY00kVyHn3aF5o4LMsL47
No title,PLOVZwvNm10lUEhoedPOQm9LGN60u4c1QK
No title,PLOVZwvNm10lWdifx2Mpdf4s83qmmupXkC
No title,PLOVZwvNm10lWbT7xaY5n3vS0xVxLQLhjb
No title,PLOVZwvNm10lVd_0Czvk3GLpYN0aIhm94N
No title,PLOVZwvNm10lUW3uXB20P4QxQHPIpKcstI
No title,PLOVZwvNm10lVMwkCPMX2KpH46UCeeMQ5I
No title,PLOVZwvNm10lWbezPvoDmLQjeRlfpgQoUJ
No title,PLOVZwvNm10lW3s2U1C5G4eZOYO7l1nI9C
No title,PLOVZwvNm10lU8XFhtdZOJwnegkb0HygSe
No title,PLOVZwvNm10lUGvFpLxKhxjPjD62OLl7gj
No title,PLOVZwvNm10lVIZvSHICYg7GXr7Xy3e90i
No title,PLOVZwvNm10lUVuBUcUocq6upwOJFV4WNG
No title,PLOVZwvNm10lXkabdgPG2BP53crNWXCiA_
No title,PLOVZwvNm10lXwdyi-eSrIYo3RhCj3hj70
No title,PLOVZwvNm10lW1NEBoVDb7OkRvNFtMVwVv
No title,PLOVZwvNm10lU_5wpHKXzoHg9GBQhNxsBS
No title,PLOVZwvNm10lWtkdfMM2om0wHQzPY2ZYQF
No title,PLOVZwvNm10lXhHS8OOwPmnOiVG-MggZHp
No title,PLOVZwvNm10lW3NKoSaXkmvkdRiUL2Dxo5
No title,PLOVZwvNm10lXJ76UqcjHNM66tifImFeOW
No title,PLOVZwvNm10lVIoHJq2zvuM3osp4yqzzZj
No title,PLOVZwvNm10lWXB8dSatc9XbYqBjcml-bF
No title,PLOVZwvNm10lVmCaDH3ekieu8nEDnlrbke
No title,PLOVZwvNm10lXLWqWkwcOTFDEtmUKvdswd
No title,PLOVZwvNm10lW71biKD78c2Gx6OLaXK0Br
No title,PLOVZwvNm10lW9GPqAT2gZ6sJ9KvZTq4O8
No title,PLOVZwvNm10lX42YRzD4-WG6fWKaTZ_SY-
No title,PLOVZwvNm10lWkNnbzae7zEvxKFXS0aE8P
No title,PLOVZwvNm10lXULhjB6aePrGuptLDt4VHD
No title,PLOVZwvNm10lVdcPmduMmdv41le5E2dnJ7
No title,PLOVZwvNm10lV1b9lI2xummnAVI8DZo2I7
No title,PLOVZwvNm10lXV6iU5Cr-mAr_Sq7vYJKPS
No title,PLOVZwvNm10lW7zdfLxYqRoMx8QJ-Zlifx
No title,PLOVZwvNm10lXXHntj4Mrr5y5yiHKOKf0A
No title,PLOVZwvNm10lXBDNNEikeA2plmCfn8FCqI
No title,PLOVZwvNm10lX92sIpUbUsNTgshTCGbiXh
No title,PLOVZwvNm10lXwL--VmqrttGT7EICKuD7n
No title,PLOVZwvNm10lXQ0FGNqiX6ZFK6bMyLQn3M
No title,PLOVZwvNm10lUg9jam8W1jmZt8vV_X3oCI
No title,PLOVZwvNm10lW2MNXIanyhrqKXhScaLz0g
No title,PLOVZwvNm10lV0d3NwUKFuP4kXstIdqvTl
No title,PLOVZwvNm10lXtwwCjusybymm4CvBiEAiF
No title,PLOVZwvNm10lXb0VchKn4UYNBCuL-dn7F4
No title,PLOVZwvNm10lXAx1BzNBuVIPnw7cnIjWbp
No title,PLOVZwvNm10lXrw_y7n1TZKOCZj4ZxYiez
No title,PLOVZwvNm10lX8whPrVsjFKDwrY3JWXk2n
No title,PLOVZwvNm10lW4kv9s-oLp8bxiCUiEywAo
No title,PLOVZwvNm10lWHSIR7_dakVgtFPGzuIP71
No title,PLOVZwvNm10lURkJ_4NztGv2j1XXC5Rbzt
No title,PLOVZwvNm10lVDaU3LU8X94n-CGKsWUjGy
No title,PLOVZwvNm10lXIQh8-FlPMrx6SQDFKLzTH
No title,PLOVZwvNm10lXCyyBR6S_NI4YnEmBE0wn8
No title,PLOVZwvNm10lVtt13uThdxJuUr_T5Taqc6
No title,PLOVZwvNm10lVTbwgI1eHuPNbLXsXMvRu8
No title,PLOVZwvNm10lV9LojKxr7BRreCOnne2ku2
No title,PLOVZwvNm10lW4bxQYpAxlTvGrs3hD276N
No title,PLOVZwvNm10lVeiGW4DVB564PHaTAlttNT
No title,PLOVZwvNm10lVjlWkuYnlL9tkJXv5Xayv9
No title,PLOVZwvNm10lWqwPEL_kvVJV_TJpFl_NpG
No title,PLOVZwvNm10lV8yw6YHsQQHFAy9Ffwh-wU
No title,PLOVZwvNm10lV2zthLsgrYrvBA6JGCzNwv
No title,PLOVZwvNm10lUDAyESqRIGnIBgk05N_JFj
No title,PLOVZwvNm10lULtDL0ch_dTaCZmCze8QMB
No title,PLOVZwvNm10lXFord6t_5wqdynEl4LchUo
No title,PLOVZwvNm10lXlsktHbhO024Fdo0MOt8og
No title,PLOVZwvNm10lXbxI9riW1qUtxqVyJFvKt-
No title,PLOVZwvNm10lXoJx2L13vV46c3rOvXXTQP
No title,PLOVZwvNm10lWIuuoQ36DWbPU4b8sNaYCL
No title,PLOVZwvNm10lXOrUvs-XJ4dhK5t3CzWM4E
No title,PLOVZwvNm10lUioJ449E3aVGpyDhnZ1yq0
No title,PLOVZwvNm10lUu5VE4STvqzFuQpGsJIcSH
No title,PLOVZwvNm10lVLEd3agfun92pUWUQAWzHP
No title,PLOVZwvNm10lWqr1korad8gw5nLdQxhIW8
No title,PLOVZwvNm10lXTGoaEatJsVW6m6eZhiqyn
No title,PLOVZwvNm10lUddokuEnnsebX4VBsUZve4
No title,PLOVZwvNm10lV7z7PqjA6vi9Fa715t4mGm
No title,PLOVZwvNm10lWM4K9pk8W6mUOG2vc6-mvW
No title,PLOVZwvNm10lWLc-NSfuKwdSMqBr5nxxYt
No title,PLOVZwvNm10lVqt_8yWlECvULCM2kUdOp_
No title,PLOVZwvNm10lXIR7LLbguIaMfjLgVvhJQt
No title,PLOVZwvNm10lUqCr8sxawCJioR0FyrDmWh
No title,PLOVZwvNm10lX3TdelcyFJ03O03HuXFLRI
No title,PLOVZwvNm10lXfZZD4ch_yZZQpuH9NLU5C
No title,PLOVZwvNm10lUCIGbev5CKHXmQkqvXyzlf
No title,PLOVZwvNm10lWdkj5Y7NPpmgQ_2ZiAwGMy
No title,PLOVZwvNm10lWE-4RiVhAPAkq48dFjRK-5
No title,PLOVZwvNm10lVAVImedzJYg_JmlwBLUKBq
No title,PLOVZwvNm10lWTtlqdXyDeag1bw0DGOEDa
No title,PLOVZwvNm10lWBZGTo2jqCSIZ22FxX0BGU
No title,PLOVZwvNm10lUl2bjqGgBRXa7UXkF68mcP
No title,PLOVZwvNm10lW0aPCXZOZ7Gl39LNBt9Mtl
No title,PLOVZwvNm10lXZgZebiH_Y_7-FpA3jbhMb
No title,PLOVZwvNm10lXf4AofFk4Jmjp7HvfN67dx
No title,PLOVZwvNm10lUZH4_04q2r2ONr3Wz-izbI
No title,PLOVZwvNm10lU5lbJIqcVP9DJk8pLnh-tn
No title,PLOVZwvNm10lW97Pq2iQCIBFZYtE1dBXug
No title,PLOVZwvNm10lWMTpqMp58pMJ67xiyAdNxT
No title,PLOVZwvNm10lXe5ChHpxjZ34RLTOCB9MDt
No title,PLOVZwvNm10lWY8rXHVdBx4lOyOX3xtlHG
No title,PLOVZwvNm10lXaDNDd-8iPv6HZqcGSbmt_
No title,PLOVZwvNm10lX53dha55LonyC9TV4fC_FB
No title,PLOVZwvNm10lXmBcRZsV-xhcSppVYrtgAM
No title,PLOVZwvNm10lVGcSWjREdAFFJPlja4Hx8q
No title,PLOVZwvNm10lVMyrJve-Vsih3r0VdfEd17
No title,PLOVZwvNm10lVyxEcHa3zIyXvszV7m0x6e
No title,PLOVZwvNm10lXtETw-UsOTLKIS4vZgZZDi
No title,PLOVZwvNm10lU6ohErqApo632vW5yl6DNI
No title,PLOVZwvNm10lUWwjed3tqVFKrVS8LDMiyg
No title,PLOVZwvNm10lWO0x-MFigK5AdJjElT4qLE
No title,PLOVZwvNm10lX7uvEslquiqNj7lAQOSqsj
No title,PLOVZwvNm10lUHDJX9vyISOXOVcX6WHMPI
No title,PLOVZwvNm10lVodUwNqpxuAaN5P9UkEMQJ
No title,PLOVZwvNm10lUmrPrmkSrZ7AlGgZwRs70O
No title,PLOVZwvNm10lUOt4Pn-5ZqTKe_8mhJn43F
No title,PLOVZwvNm10lX-MsEf6IoNy1_LSrtEaltT
No title,PLOVZwvNm10lVH5rZW4TdrY4q4Yfskg2xP
No title,PLOVZwvNm10lXXKZzJS9W8VbFY0UFrBESz
No title,PLOVZwvNm10lVISC08ifAEMPlz440uU30_
